®M¥ó,ª©¥»
alembic,1.13.0
alphalens-tej,2.0.2
anyio,4.1.0
appdirs,1.4.4
argon2-cffi,23.1.0
argon2-cffi-bindings,21.2.0
arrow,1.3.0
asttokens,2.4.1
async-lru,2.0.4
attrs,23.1.0
autopep8,2.0.4
Babel,2.13.1
bcolz-zipline,1.2.6
beautifulsoup4,4.12.2
bleach,6.1.0
Bottleneck,1.3.7
Brotli,1.0.9
cached-property,1.5.2
certifi,2023.11.17
cffi,1.16.0
chardet,5.2.0
charset-normalizer,3.3.2
click,8.1.7
cloudpickle,3.0.0
colorama,0.4.6
comm,0.1.4
contourpy,1.2.0
cramjam,2.7.0
cryptography,41.0.7
cycler,0.12.1
Cython,0.29.36
dask,2023.12.0
debugpy,1.6.7
decorator,5.1.1
defusedxml,0.7.1
distributed,2023.12.0
empyrical-reloaded,0.5.9
entrypoints,0.4
et-xmlfile,1.1.0
exceptiongroup,1.2.0
executing,2.0.1
fastjsonschema,2.19.0
fastparquet,2024.2.0
fonttools,4.46.0
fqdn,1.5.1
frozendict,2.3.10
fsspec,2023.12.2
greenlet,3.0.2
h5py,3.10.0
html5lib,1.1
idna,3.6
importlib-metadata,7.0.0
importlib_resources,6.4.0
inflection,0.5.1
iniconfig,2.0.0
intervaltree,3.1.0
ipykernel,6.26.0
ipython,8.22.2
ipywidgets,8.1.1
iso3166,2.0.2
iso4217,1.11.20220401
isoduration,20.11.0
jedi,0.19.1
Jinja2,3.1.2
joblib,1.3.2
json5,0.9.14
jsonpointer,2.4
jsonschema,4.20.0
jsonschema-specifications,2023.11.2
jupyter_client,8.6.0
jupyter_core,5.5.0
jupyter-events,0.9.0
jupyter-lsp,2.2.1
jupyter_server,2.12.1
jupyter_server_terminals,0.5.0
jupyterlab,4.0.9
jupyterlab_pygments,0.3.0
jupyterlab_server,2.25.2
jupyterlab-widgets,3.0.9
kiwisolver,1.4.5
korean-lunar-calendar,0.3.1
locket,1.0.0
Logbook,1.7.0.post0
lru-dict,1.3.0
lxml,4.9.3
Mako,1.3.0
MarkupSafe,2.1.3
matplotlib,3.9.0
matplotlib-inline,0.1.6
mistune,3.0.2
more-itertools,10.1.0
msgpack,1.0.8
multipledispatch,1.0.0
multitasking,0.0.11
nb_conda_kernels,2.3.1
nbclient,0.9.0
nbconvert,7.12.0
nbformat,5.9.2
nest-asyncio,1.5.8
networkx,3.2.1
notebook,7.0.6
notebook_shim,0.2.3
numexpr,2.8.8
numpy,1.23.5
openpyxl,3.1.2
overrides,7.4.0
packaging,23.2
pandas,1.5.3
pandas-datareader,0.10.0
pandocfilters,1.5.0
papermill,2.5.0
parso,0.8.3
partd,1.4.1
patsy,0.5.4
peewee,3.17.0
pickleshare,0.7.5
Pillow,10.1.0
pip,23.3.1
pkgutil_resolve_name,1.3.10
platformdirs,4.1.0
pluggy,1.3.0
prometheus-client,0.19.0
prompt-toolkit,3.0.41
psutil,5.9.0
pure-eval,0.2.2
pycodestyle,2.11.1
pycparser,2.21
pyfolio-tej,2.0.2
Pygments,2.17.2
pyluach,2.2.0
pyOpenSSL,23.2.0
pyparsing,3.1.1
PySocks,1.7.1
pytest,7.4.3
pytest-env,1.1.3
python-dateutil,2.8.2
python-interface,1.6.1
python-json-logger,2.0.7
pytz,2023.3.post1
pywin32,305.1
pywinpty,2.0.12
PyYAML,6.0.1
pyzmq,25.1.0
referencing,0.32.0
requests,2.31.0
rfc3339-validator,0.1.4
rfc3986-validator,0.1.1
rpds-py,0.13.2
scikit-learn,1.3.2
scipy,1.11.4
seaborn,0.13.0
Send2Trash,1.8.2
setuptools,68.0.0
six,1.16.0
sniffio,1.3.0
sortedcontainers,2.4.0
soupsieve,2.5
SQLAlchemy,1.4.50
stack-data,0.6.2
statsmodels,0.14.0
tblib,3.0.0
tej-exchange-calendars,1.0.0
tej-tool-api,1.1.1
tejapi,0.1.28
tenacity,8.2.3
tensorflow,2.12.0
terminado,0.18.0
threadpoolctl,3.2.0
tinycss2,1.2.1
tomli,2.0.1
toolz,0.12.0
tornado,6.3.3
tqdm,4.66.1
traitlets,5.14.0
types-python-dateutil,2.8.19.14
typing_extensions,4.7.1
typing-utils,0.1.0
tzdata,2023.3
uri-template,1.3.0
urllib3,2.1.0
wcwidth,0.2.12
webcolors,1.13
webencodings,0.5.1
websocket-client,1.7.0
wheel,0.41.2
widgetsnbextension,4.0.9
win-inet-pton,1.1.0
xlrd,2.0.1
yfinance,0.2.33
zict,3.0.0
zipline-tej,2.0.0
zipp,3.17.0
